<?xml version="1.0" encoding="UTF-8"?>
<project-private xmlns="http://www.netbeans.org/ns/project-private/1">
    <editor-bookmarks xmlns="http://www.netbeans.org/ns/editor-bookmarks/2" lastBookmarkId="0"/>
    <open-files xmlns="http://www.netbeans.org/ns/projectui-open-files/2">
        <group>
            <file>file:/C:/Joaquin%20Cosas/Ulima/6%20ciclo/eda/EDA2_ProyectoGrafoColor_v.1.5/EDA2_ProyectoGrafoColor_v.1.4/EDA2_ProyectoGrafosColores/src/Codigos/Grafo.java</file>
            <file>file:/C:/Joaquin%20Cosas/Ulima/6%20ciclo/eda/EDA2_ProyectoGrafoColor_v.1.5/EDA2_ProyectoGrafoColor_v.1.4/EDA2_ProyectoGrafosColores/src/Codigos/Main.java</file>
            <file>file:/C:/Joaquin%20Cosas/Ulima/6%20ciclo/eda/EDA2_ProyectoGrafoColor_v.1.5/EDA2_ProyectoGrafoColor_v.1.4/EDA2_ProyectoGrafosColores/src/Codigos/NodoGrafo.java</file>
        </group>
    </open-files>
</project-private>
