<?xml version="1.0" encoding="UTF-8"?>
<project-private xmlns="http://www.netbeans.org/ns/project-private/1">
    <editor-bookmarks xmlns="http://www.netbeans.org/ns/editor-bookmarks/2" lastBookmarkId="0"/>
    <open-files xmlns="http://www.netbeans.org/ns/projectui-open-files/2">
        <group>
            <file>file:/C:/Joaquin%20Cosas/Ulima/6%20ciclo/eda/EDA2_ProyectoGrafoColores_v2.1/EDA2_ProyectoGrafosColores/src/Algoritmos/Main.java</file>
            <file>file:/C:/Joaquin%20Cosas/Ulima/6%20ciclo/eda/EDA2_ProyectoGrafoColores_v2.1/EDA2_ProyectoGrafosColores/src/Algoritmos/Grafo.java</file>
        </group>
    </open-files>
</project-private>
